ID:int,FIRST_NAME,LAST_NAME,EMAIL,GENDER,BIRTHDAY,COUNTRY,CITY
1,Imogen,Wrettum,iwrettum0@hostgator.com,Female,28/10/1980,ID,Semerak
2,Taryn,Prattington,tprattington1@yellowbook.com,Female,17/04/1997,CM,Bali
3,Ase,Laughton,alaughton2@vimeo.com,Male,25/06/1995,VN,Vân Tùng
4,Dunc,Coulter,dcoulter3@tmall.com,Genderfluid,22/09/1999,CN,Mashui
5,Stefania,O'Breen,sobreen4@cdc.gov,Female,03/09/2010,GR,Skalánion
6,Philbert,Alvarado,palvarado5@taobao.com,,26/06/2010,CO,Cáchira
7,Livy,Patek,lpatek6@sohu.com,Female,01/02/1995,EG,Nuwaybi‘a
8,Jillene,Kyngdon,jkyngdon7@shinystat.com,Female,14/07/1972,CN,Erenhot
9,Rozanna,Ellit,rellit8@apple.com,Female,30/04/1950,ET,Gambēla
10,Allsun,Roxby,aroxby9@ucoz.ru,Female,03/05/1970,CN,Puqi
11,Ethelind,Farens,efarensa@macromedia.com,Female,24/10/1959,MY,Ipoh
12,Jamal,Fairnie,,Male,30/08/1965,GR,Karpokhórion
13,Jacynth,Hallet,jhalletc@seattletimes.com,Female,27/01/2002,FR,Amboise
14,Alejandra,Cafferky,acafferkyd@symantec.com,Female,28/03/2010,CN,Huangyang
15,Pepita,Orfeur,porfeure@narod.ru,Non-binary,18/12/1954,BR,Lauro de Freitas
16,Ellynn,Cordero,ecorderof@guardian.co.uk,Female,30/07/1982,CN,Songying
17,Candra,Osgarby,cosgarbyg@fastcompany.com,Female,21/04/1997,BY,Narowlya
18,Henrieta,Tupie,htupieh@wikipedia.org,Female,,ID,Dulolong
19,Vinnie,Mobbs,vmobbsi@zdnet.com,Female,14/06/1964,UZ,Namangan
20,Krishna,Clausson,kclaussonj@so-net.ne.jp,Male,19/01/1989,PH,Taltal
21,Caron,Shorten,,Female,14/07/1972,RU,Shebunino
22,Lana,Tinghill,ltinghilll@jimdo.com,Female,30/06/1987,NG,Owerri
23,Gran,Claridge,gclaridgem@booking.com,Male,06/11/1971,ID,Bangkal
24,Wynn,Pryor,wpryorn@accuweather.com,Genderqueer,27/11/1954,RU,Pridonskoy
25,Franciska,Freeth,ffreetho@whitehouse.gov,,23/09/1951,BR,São Vicente
26,Conny,Semorad,csemoradp@geocities.com,Female,02/03/2002,RU,Buinsk
27,Marice,Tarn,mtarnq@independent.co.uk,,10/12/1984,ID,Cinagrog Girang
28,Sibyl,Lansdowne,slansdowner@friendfeed.com,Female,26/11/1999,LU,Mondorf-les-Bains
29,Nissa,Methingam,nmethingams@stumbleupon.com,,17/04/1957,CN,Mulan
30,Rudiger,Schrinel,rschrinelt@wikipedia.org,Polygender,01/04/1973,CN,Tongxing
31,Colleen,Endrighi,cendrighiu@cocolog-nifty.com,Female,17/12/1960,BR,Cachoeirinha
32,Amelie,Jeandeau,ajeandeauv@simplemachines.org,Female,12/05/1989,GR,Skópelos
33,Amata,Bettinson,abettinsonw@purevolume.com,Female,29/03/1973,CO,Ráquira
34,Beatrix,Hourston,bhourstonx@guardian.co.uk,Female,15/11/1964,CN,Caijiagang
35,Cam,Kulis,ckulisy@prlog.org,Non-binary,04/11/1962,AZ,Khodzhi-Gasan
36,Garfield,Stubbs,gstubbsz@earthlink.net,Male,15/09/1976,SE,Vallentuna
37,Miltie,Lening,mlening10@linkedin.com,Male,02/07/1971,SE,Norrtälje
38,Scot,Coaster,scoaster11@arizona.edu,Male,26/02/1984,CZ,Boskovice
39,Berry,Mathan,bmathan12@biblegateway.com,Female,06/12/1977,ID,Semerak
40,Englebert,Brockton,ebrockton13@cdc.gov,Male,09/03/1980,MA,Timoulilt
41,Florance,Kyffin,fkyffin14@lulu.com,Female,10/01/1991,RU,Primorka
42,Taddeo,Hoonahan,thoonahan15@cnet.com,Male,11/11/1996,PH,Linmansangan
43,Geri,Ginie,gginie16@princeton.edu,Male,24/05/1984,CN,Gangtun
44,North,Wheeler,nwheeler17@ovh.net,Male,21/05/2002,ID,Banjar Pekandelan
45,Dominga,Priscott,dpriscott18@stanford.edu,Female,26/09/1960,RU,Lakha Nëvre
46,Franny,Biford,,Female,29/11/1993,ES,Malaga
47,Jennee,Gannan,jgannan1a@google.pl,Female,05/08/1998,LK,Horana South
48,Ardelis,Vice,avice1b@symantec.com,,31/01/1964,MX,Miguel Aleman
49,Farly,Tiebe,ftiebe1c@mayoclinic.com,Male,30/07/1984,HR,Dubrava
50,Clair,Wapol,cwapol1d@tiny.cc,,07/01/1953,CN,Hepo
51,Maison,Tookill,mtookill1e@cpanel.net,Male,13/01/1970,PH,Tiguion
52,Ardelis,Jeffers,ajeffers1f@i2i.jp,Female,08/08/1956,FI,Orimattila
53,Isa,Malster,imalster1g@nydailynews.com,Male,23/09/1974,KR,Fuyo
54,Harli,Faithfull,hfaithfull1h@rambler.ru,,29/01/1985,CN,Yangxiang
55,Shaine,Marzelle,smarzelle1i@yandex.ru,Female,21/12/1969,BA,Puračić
56,Prudy,Mullin,pmullin1j@washingtonpost.com,Female,15/04/1983,CN,Dongxiang
57,Gradeigh,Chipperfield,gchipperfield1k@stanford.edu,,03/10/1990,CN,Yumendong
58,Merwyn,Ketcher,mketcher1l@nationalgeographic.com,Male,16/10/1953,ID,Koten
59,Lena,Grummitt,lgrummitt1m@reddit.com,Genderqueer,26/09/1986,GR,Ellinikó
60,Shep,Rawlence,srawlence1n@vistaprint.com,Male,03/04/1974,ZA,Bergvliet
61,Suzy,Raynard,sraynard1o@taobao.com,Female,,CN,Sanhe
62,Culver,Heffer,,Male,05/07/1998,HR,Vinež
63,Cheston,Woolam,cwoolam1q@mlb.com,,,RU,Sheregesh
64,Luis,Lotze,llotze1r@cloudflare.com,Male,,GE,Khashuri
65,Gilberte,Hartigan,ghartigan1s@hatena.ne.jp,Female,11/07/1952,PH,Kitapak
66,Tracy,Danieli,tdanieli1t@bbc.co.uk,Male,26/07/1994,SA,Al Qārah
67,Leanna,Ehlerding,lehlerding1u@wp.com,Bigender,18/03/1978,TH,Yan Nawa
68,Fax,Wittleton,fwittleton1v@ebay.com,Male,16/07/1951,BR,Corrego Grande
69,Marilyn,Pask,mpask1w@gnu.org,Female,17/04/1969,UA,Kompaniyivka
70,Renato,Valde,rvalde1x@google.ru,Male,15/01/1979,BA,Bosanski Šamac
71,Terrell,Fernehough,tfernehough1y@answers.com,Male,04/06/1963,CZ,Velké Svatoňovice
72,Orville,Cheevers,ocheevers1z@pagesperso-orange.fr,,29/05/1965,FR,Montbrison
73,Mitchel,Gracey,mgracey20@time.com,Male,27/07/1951,CN,Luopu
74,Kendricks,Lidster,klidster21@bizjournals.com,Male,19/10/1967,CO,Flandes
75,Ricky,Spilsbury,rspilsbury22@hibu.com,Male,24/10/1997,PE,Saurama
76,Theobald,Timms,ttimms23@goodreads.com,Male,16/02/1983,US,Hampton
77,Marcos,Deas,,Male,26/12/1954,ID,Klatakan
78,Cordie,Lusher,clusher25@nature.com,Male,,TJ,Norak
79,Jae,Vina,jvina26@biglobe.ne.jp,Male,08/12/2008,CN,Dalang
80,Joy,Tallon,jtallon27@cam.ac.uk,Female,17/01/1991,BR,Panambi
81,Jemmy,Beek,jbeek28@goo.ne.jp,,01/05/2002,RU,Rossosh’
82,Shanta,Rodear,srodear29@mit.edu,Genderqueer,28/06/1992,SE,Kista
83,Bobinette,Worg,bworg2a@patch.com,Non-binary,16/02/1995,RU,Shebunino
84,Muffin,Parzis,mparzis2b@amazon.co.uk,Female,21/09/1957,CN,Liqiao
85,Pedro,Setchfield,psetchfield2c@washington.edu,Male,20/12/1968,CN,Zhongbu
86,Tillie,Goody,tgoody2d@squidoo.com,,21/07/1988,RU,Zheleznodorozhnyy
87,Babbie,Lindup,blindup2e@who.int,Female,19/02/1981,DE,Stuttgart
88,Buckie,Livingstone,blivingstone2f@addtoany.com,Bigender,17/01/1953,ID,Kresek
89,Mufinella,Hyde-Chambers,mhydechambers2g@xinhuanet.com,Bigender,30/03/1996,NG,Tofa
90,Bibby,Linkie,blinkie2h@wufoo.com,Female,08/09/1954,ID,Melikkrajan
91,Lindon,Ashforth,lashforth2i@imgur.com,,26/06/2003,MN,Ongi
92,Bradly,Goudge,bgoudge2j@cdc.gov,,06/06/1984,FR,Poitiers
93,Parsifal,Hedde,phedde2k@seattletimes.com,Male,13/05/2005,CN,Hairag
94,Roxie,Soeiro,rsoeiro2l@phoca.cz,Female,21/08/2002,CN,Jiulong
95,Roman,McRobbie,rmcrobbie2m@ameblo.jp,Male,19/12/2009,RU,Melenki
96,Shelley,Teck,steck2n@biglobe.ne.jp,Female,14/04/1992,CN,Lanyang
97,Danya,Mayhow,dmayhow2o@mac.com,Female,13/07/1976,CZ,Louka
98,Martita,Nystrom,mnystrom2p@kickstarter.com,Female,21/09/1954,FR,Le Havre
99,Aleda,Watton,awatton2q@dropbox.com,Female,05/12/2003,RU,Ternovka
100,Joshua,Woodington,jwoodington2r@canalblog.com,Male,14/07/1993,CN,Jiapeng
