ID,NAME,SURNAME,EMAIL
1,Lawton,Tax,ltax0@goo.gl
2,Jodie,Lemerie,jlemerie1@house.gov
3,Delora,Brosetti,dbrosetti2@altervista.org
4,Janey,Brilon,jbrilon3@163.com
5,Gina,Renault,grenault4@lycos.com
6,August,Cuttin,acuttin5@state.tx.us
7,Alidia,Sullens,asullens6@jalbum.net
8,Amabel,Krysztofowicz,akrysztofowicz7@yahoo.co.jp
9,Stacie,Pakes,spakes8@wiley.com
10,Johnette,Giroldo,jgiroldo9@paginegialle.it
11,Adella,Holdall,aholdalla@economist.com
12,Darrin,Life,dlifeb@craigslist.org
13,Yoshiko,Patrie,ypatriec@ft.com
14,Bradan,Deverill,bdeverilld@adobe.com
15,Clementine,Cordingly,ccordinglye@i2i.jp
16,Charlton,Mar,cmarf@g.co
17,Kendre,Verbruggen,kverbruggeng@topsy.com
18,Patricia,McIllroy,pmcillroyh@yellowbook.com
19,Hazel,Avramchik,havramchiki@cam.ac.uk
20,Lonny,Grebert,lgrebertj@xinhuanet.com
21,Harlen,Link,hlinkk@mlb.com
22,Ashby,Soars,asoarsl@aol.com
23,Elsworth,Farahar,efaraharm@webs.com
24,Maxy,Gionettitti,mgionettittin@virginia.edu
25,Ferrel,Clemenzo,fclemenzoo@irs.gov
26,Averil,Beddis,abeddisp@netscape.com
27,Raffarty,Riccardo,rriccardoq@admin.ch
28,Shel,Bonnar,sbonnarr@toplist.cz
29,Huberto,McCarney,hmccarneys@cnet.com
30,Corissa,Goaley,cgoaleyt@360.cn
31,Consolata,Childes,cchildesu@hatena.ne.jp
32,Beret,Alster,balsterv@godaddy.com
33,Raoul,Kilminster,rkilminsterw@woothemes.com
34,Seka,Plascott,splascottx@marriott.com
35,Rafaelita,Pembridge,rpembridgey@tuttocitta.it
36,Towney,Byfield,tbyfieldz@canalblog.com
37,Alwyn,Knibbs,aknibbs10@marriott.com
38,Devan,Shepherdson,dshepherdson11@reddit.com
39,Waylon,Leader,wleader12@virginia.edu
40,Minor,Odhams,modhams13@reuters.com
41,Sybil,Laytham,slaytham14@4shared.com
42,Blancha,Lomasney,blomasney15@edublogs.org
43,Myrlene,Kenrat,mkenrat16@adobe.com
44,Deerdre,Stadden,dstadden17@alexa.com
45,Eolanda,Danielovitch,edanielovitch18@nih.gov
46,Tedd,Alldread,talldread19@prweb.com
47,Kelli,Rigmond,krigmond1a@symantec.com
48,Kamillah,Rooper,krooper1b@furl.net
49,Kitty,Sabben,ksabben1c@wikia.com
50,Katy,Birts,kbirts1d@foxnews.com
