id,first_name,last_name,email,gender,birthday,registration,orders,sum,rate
1,Menard,Corden,mcorden0@cdc.gov,Male,9/16/2014,2015-02-04T08:02:30Z,46,$4.49,7.049
2,Ogdan,Narducci,onarducci1@drupal.org,Male,5/9/1995,2003-07-15T09:19:38Z,100,$1.21,1.6867
3,Lucho,Boij,lboij2@dell.com,Male,9/16/1996,2007-10-09T13:04:59Z,29,$8.03,2.4635
4,Agata,Froom,afroom3@aboutads.info,Female,9/9/1991,2018-01-05T23:43:04Z,53,$3.06,4.8797
5,Welsh,De Domenici,wdedomenici4@myspace.com,Male,4/27/1953,2011-07-28T14:18:09Z,51,$0.36,4.8312
6,Wynn,Myrick,wmyrick5@boston.com,Male,3/17/1959,2015-06-11T09:25:24Z,42,$1.02,1.6619
7,Rowan,Attride,rattride6@moonfruit.com,Male,4/8/1979,2007-09-21T02:11:05Z,95,$5.45,8.1088
8,Monte,Cawdron,mcawdron7@ted.com,Male,3/23/1973,2015-02-04T18:55:48Z,86,$5.03,4.7753
9,Ardith,Paliser,apaliser8@dyndns.org,Female,6/24/1953,2009-08-15T22:42:30Z,42,$1.93,6.0565
10,Nerissa,Coultish,ncoultish9@miitbeian.gov.cn,Female,3/7/2004,2019-04-24T21:11:14Z,12,$3.35,3.348
11,Creigh,Milkin,cmilkina@domainmarket.com,Male,6/15/1959,2016-08-14T21:52:01Z,5,$0.59,3.1561
12,Ahmad,Pauncefoot,apauncefootb@marriott.com,Male,5/15/1980,2004-12-26T20:00:14Z,14,$8.49,9.0453
13,Raviv,Freda,rfredac@wired.com,Male,5/25/1985,2003-12-22T16:25:06Z,62,$8.67,8.9484
14,Erskine,Tiller,etillerd@skype.com,Male,3/24/2019,2016-04-27T23:05:52Z,93,$2.97,4.59
15,Boot,Hitzmann,bhitzmanne@theguardian.com,Male,3/7/1998,2016-09-07T01:36:49Z,73,$7.34,5.2231
16,Robina,Falla,rfallaf@reuters.com,Female,6/2/1953,2011-11-21T15:55:38Z,74,$2.84,8.5474
17,Vevay,Bailiss,vbailissg@jalbum.net,Female,6/6/1958,2004-10-08T23:31:29Z,64,$5.85,3.4401
18,Jorie,Rizzi,jrizzih@rambler.ru,Female,9/20/1974,2012-12-23T08:03:22Z,39,$4.95,1.4845
19,Randee,Son,rsoni@pbs.org,Female,2/19/1963,2018-08-28T10:09:33Z,42,$4.40,6.2401
20,Ronny,Decroix,rdecroixj@topsy.com,Male,8/27/1970,2011-03-07T07:28:37Z,99,$8.18,5.8024
21,Reid,Harce,rharcek@engadget.com,Male,9/8/1970,2010-11-15T11:24:53Z,92,$9.83,8.9058
22,Caritta,Dalrymple,cdalrymplel@4shared.com,Female,6/1/2013,2019-06-12T10:29:22Z,25,$3.42,5.3212
23,Nicholle,Drane,ndranem@amazonaws.com,Female,11/22/1990,2013-10-25T16:37:59Z,98,$5.73,2.4755
24,Hermann,Hanwright,hhanwrightn@blogtalkradio.com,Male,10/26/1969,2018-11-27T22:26:12Z,92,$6.65,3.0754
25,Clim,Farnorth,cfarnortho@symantec.com,Male,11/22/1982,2002-06-14T00:46:32Z,91,$2.22,8.9804
26,Derron,Salmoni,dsalmonip@blogtalkradio.com,Male,6/20/1982,2011-07-19T20:08:56Z,21,$9.99,7.0957
27,Stirling,Sidwick,ssidwickq@indiatimes.com,Male,8/4/1987,2003-12-09T06:58:17Z,58,$3.22,2.8461
28,Oneida,D'Aguanno,odaguannor@japanpost.jp,Female,10/25/1983,2004-06-21T12:41:19Z,95,$1.53,7.3286
29,Elvyn,Dikes,edikess@indiatimes.com,Male,9/16/1991,2008-12-14T07:17:48Z,40,$5.16,2.6186
30,Aindrea,Moses,amosest@buzzfeed.com,Female,1/15/2007,2002-11-30T17:46:09Z,35,$3.48,8.3233
31,Cairistiona,Beeckx,cbeeckxu@google.de,Female,1/8/2003,2012-08-11T19:05:35Z,95,$5.07,8.7746
32,Vitoria,Iceton,vicetonv@flavors.me,Female,10/21/1991,2000-12-30T03:30:44Z,83,$8.30,9.2086
33,Bartholomeo,Proschek,bproschekw@eventbrite.com,Male,2/22/1974,2019-06-16T21:30:52Z,40,$6.78,5.4495
34,Melosa,Mahady,mmahadyx@photobucket.com,Female,4/30/1992,2016-06-14T16:55:13Z,69,$3.50,2.1064
35,Isabeau,Pote,ipotey@studiopress.com,Female,5/7/1962,2019-02-14T09:58:22Z,81,$7.16,7.3438
36,Osmund,Kingsworth,okingsworthz@sogou.com,Male,6/29/2014,2016-03-20T14:37:27Z,64,$2.56,2.0375
37,Jayme,Olexa,jolexa10@webs.com,Male,10/11/2005,2007-07-04T21:32:09Z,25,$7.39,1.3525
38,Caron,Libero,clibero11@stanford.edu,Female,12/4/1968,2006-01-18T23:21:07Z,38,$2.66,9.467
39,Sean,Glasspoole,sglasspoole12@wikispaces.com,Female,5/12/2006,2016-05-03T05:39:46Z,13,$2.89,4.7802
40,Connor,Greenslade,cgreenslade13@kickstarter.com,Male,9/15/1966,2004-09-11T23:27:03Z,64,$0.95,7.0797
41,Red,Chattoe,rchattoe14@naver.com,Male,9/1/2011,2018-03-24T22:19:13Z,53,$3.58,5.8865
42,Hewe,Woodson,hwoodson15@craigslist.org,Male,3/27/1960,2011-12-25T10:01:24Z,80,$4.94,1.4481
43,Ange,Fermor,afermor16@twitter.com,Female,2/23/1970,2011-08-26T16:26:32Z,69,$8.66,3.9493
44,Dallas,D'Agostino,ddagostino17@myspace.com,Male,6/21/1964,2009-03-02T17:04:33Z,42,$9.07,2.0022
45,Pattie,Meffin,pmeffin18@mapy.cz,Male,3/15/1963,2018-12-10T21:34:53Z,85,$1.46,6.7968
46,Roselle,Milverton,rmilverton19@smh.com.au,Female,10/21/1961,2011-11-27T21:25:54Z,1,$4.85,3.1553
47,Merell,Kyne,mkyne1a@amazonaws.com,Male,7/10/1958,2003-06-19T14:12:31Z,51,$3.39,5.8677
48,Gerladina,Curran,gcurran1b@opensource.org,Female,7/4/2012,2013-02-03T11:01:19Z,54,$1.10,9.4632
49,Alvin,Caras,acaras1c@shop-pro.jp,Male,5/15/1963,2015-02-07T10:09:30Z,33,$5.87,7.7624
50,Sloan,Steanyng,ssteanyng1d@live.com,Male,9/22/1980,2016-01-14T21:34:19Z,62,$5.45,7.7074
