ID,FIRST_NAME,LAST_NAME,EMAIL,GENDER,BIRTHDAY,COUNTRY,CITY
1,Dannye,Coulson,dcoulson0@opensource.org,Female,16/06/1964,AL,Shënmëri
2,Delmor,Earland,dearland1@a8.net,Male,17/10/1999,NO,Oslo
3,Markus,Yankin,myankin2@gizmodo.com,Male,29/08/1983,RU,Ordzhonikidzevskiy
4,Horton,Shemmin,hshemmin3@addtoany.com,Male,25/02/1980,PE,Colcabamba
5,Atlante,Treagus,atreagus4@seesaa.net,Female,25/09/1993,PE,Buenos Aires
6,Justine,Penkman,jpenkman5@paypal.com,Female,05/10/1956,AL,Delvinë
7,Raine,Gerty,rgerty6@cbslocal.com,Female,25/09/1956,PT,Ardazubre
8,Lorilee,Coston,lcoston7@cocolog-nifty.com,,,CO,San Francisco
9,Egor,Coushe,ecoushe8@unc.edu,Male,24/03/1986,IE,Tower
10,Fidelia,Syrett,fsyrett9@columbia.edu,Female,08/07/1973,PE,Otuzco
11,Guendolen,Obington,gobingtona@cisco.com,Genderqueer,07/09/1965,RU,Bolotnoye
12,Joseito,Wrates,jwratesb@com.com,Male,20/03/2008,CN,Ganyi
13,Melonie,Metherell,mmetherellc@buzzfeed.com,Female,24/05/1983,ID,Cikuya
14,Dimitry,Rydeard,drydeardd@soundcloud.com,Male,28/11/1975,CN,Taozhuang
15,Adina,Pettendrich,apettendriche@facebook.com,Female,23/04/1976,MY,Ipoh
16,Quinn,D'Aguanno,qdaguannof@github.io,Female,07/03/1975,PL,Wierzbica
17,Bethany,MacCumeskey,bmaccumeskeyg@unicef.org,Female,12/10/1958,AF,Khinjān
18,Clarabelle,Phillipson,cphillipsonh@mit.edu,Genderfluid,16/07/1979,US,Alexandria
19,Homere,Squibe,hsquibei@networksolutions.com,Male,02/06/1995,PE,Pomahuaca
20,Fredrika,Gough,fgoughj@scribd.com,Female,11/06/1969,BR,Osasco
21,Olenolin,Gowling,,Male,20/05/2005,MG,Tsiombe
22,Donavon,Mitten,dmittenl@businessinsider.com,Male,08/04/1984,ID,Tangga
23,Berke,Hamson,bhamsonm@fema.gov,Male,27/03/1982,SE,Köping
24,Shelli,Guppy,sguppyn@dropbox.com,Non-binary,03/06/1988,CN,Haoraoshan
25,Bent,Rubin,,Polygender,02/01/1996,PT,Alqueidão
26,Chloette,Hanrahan,chanrahanp@cbc.ca,Female,30/07/1997,CH,Basel
27,Moyra,Lynch,mlynchq@wufoo.com,Female,05/12/2007,CN,Litian
28,Merrilee,Piet,mpietr@paginegialle.it,Female,12/04/1963,CN,Beijiang
29,Larine,Everley,leverleys@vimeo.com,Female,19/09/1988,SE,Tyresö
30,Mercy,Strivens,mstrivenst@vistaprint.com,Female,06/08/1951,TZ,Magomeni
31,Basil,Olyfant,bolyfantu@posterous.com,Male,23/02/1996,US,Washington
32,Griffy,Commins,gcomminsv@tiny.cc,Male,28/01/2002,ID,Bunga Mas
33,Martino,Paur,mpaurw@fotki.com,Genderqueer,06/10/1993,VE,Santa Cruz
34,Nelle,Willmett,nwillmettx@cnn.com,Female,03/01/1965,LV,Ludza
35,Barbara,Leahair,bleahairy@is.gd,Female,09/12/1954,RU,Sterlitamak
36,Ludovico,Merrin,lmerrinz@tumblr.com,Male,12/11/1996,PL,Stary Sącz
37,Angy,Slimmon,,Female,28/08/2002,CO,Tame
38,Marty,MacVagh,mmacvagh11@unesco.org,Female,24/05/1978,BR,Rio de Janeiro
39,Forester,Kitchinghan,fkitchinghan12@vkontakte.ru,Male,15/02/1972,AR,Pozo Hondo
40,Salvador,Genthner,sgenthner13@stanford.edu,Male,19/01/1950,IE,Confey
41,Patrizia,Phythean,pphythean14@dion.ne.jp,Female,24/02/1985,CU,Manicaragua
42,Kalila,Aisman,,Female,17/01/1973,CN,Nianyushan
43,Chantal,Buss,cbuss16@eventbrite.com,Female,01/09/1956,GQ,Aconibe
44,Koren,Poure,kpoure17@geocities.jp,Female,08/09/1974,FI,Turku
45,Adair,Raft,araft18@shareasale.com,Male,23/09/1954,CN,Hongqi
46,Bibbye,Poure,bpoure19@loc.gov,Female,09/12/2003,CO,Flandes
47,Reta,Van Hove,rvanhove1a@is.gd,,,CN,Yangmaogong
48,Redd,Quarless,rquarless1b@slashdot.org,,,BO,Boyuibe
49,Guendolen,Beazer,gbeazer1c@statcounter.com,Female,19/06/2005,CO,Buenavista
50,Chelsea,Dinning,cdinning1d@jigsy.com,Female,20/04/1960,PK,Dokri
51,Brandice,Piscopiello,bpiscopiello1e@comcast.net,Female,01/11/2005,NO,Trondheim
52,Nickolas,Minchinden,nminchinden1f@gizmodo.com,,,JP,Wakuya
53,Chelsey,Barkley,cbarkley1g@joomla.org,Female,06/01/1961,PL,Bolesławiec
54,Cassandre,Mattei,cmattei1h@vk.com,,,ID,Tanjung Pandan
55,Chickie,Welling,cwelling1i@livejournal.com,Female,03/05/1976,CN,Maofan
56,Garnet,Manueau,,Female,09/06/2007,PL,Wysoka
57,Jodi,Naper,jnaper1k@hao123.com,Male,10/07/1980,US,Louisville
58,Tadeas,Robbey,trobbey1l@quantcast.com,Male,01/01/1977,UA,Vyshneve
59,Beatrisa,Glaysher,bglaysher1m@comsenz.com,Female,19/05/1958,AL,Manzë
60,Garvey,Halversen,ghalversen1n@jugem.jp,,,PE,Morcolla
61,Ricki,Carthew,rcarthew1o@phoca.cz,Female,02/02/1955,PL,Mircze
62,Sasha,Firebrace,sfirebrace1p@java.com,Female,23/05/2009,DE,Bremen
63,Cindee,Plak,cplak1q@biblegateway.com,Female,23/06/1995,ID,Waiwejak
64,Ellary,Heinritz,eheinritz1r@msn.com,Male,25/12/2000,CN,Shizi
65,Tamarra,Olden,tolden1s@artisteer.com,Female,17/11/1957,AL,Krujë
66,Felicio,Redparth,fredparth1t@sfgate.com,Male,14/04/1981,BR,Luziânia
67,Gaylord,Brettor,gbrettor1u@storify.com,Male,01/08/1954,CL,Valdivia
68,Andrea,Gidney,agidney1v@washingtonpost.com,Male,14/08/1956,CN,Yuzhou
69,Pierson,Blackledge,pblackledge1w@npr.org,Male,23/08/1983,CN,Niaohe
70,Paula,Noirel,,Female,20/03/1968,CN,Changbao
71,Sophey,McCambridge,smccambridge1y@ox.ac.uk,Female,03/01/1974,SE,Sölvesborg
72,Con,McGrorty,cmcgrorty1z@wikipedia.org,Male,11/08/1980,GR,Itéa
73,Abeu,Bear,abear20@dyndns.org,Male,15/09/1995,GE,Sighnaghi
74,Giulio,Paik,gpaik21@geocities.jp,Male,14/01/2001,BR,Ibotirama
75,Angie,Magarrell,amagarrell22@com.com,Male,04/07/1955,BW,Janeng
76,Hannah,Thowes,hthowes23@wix.com,Female,13/02/1993,MX,Jardin
77,Eirena,Dudenie,edudenie24@dell.com,Female,07/03/1958,CN,Jiaoziya
78,Kordula,Eusden,keusden25@etsy.com,Bigender,02/04/1952,MK,Ilinden
79,Mallory,Espadero,mespadero26@instagram.com,Agender,25/05/1958,CN,Yong’an
80,Veronique,Beardsdale,vbeardsdale27@howstuffworks.com,Female,07/08/1977,UZ,Kirgili
81,Letitia,Anning,lanning28@globo.com,Female,04/09/1966,LU,Lenningen
82,Jandy,Bichard,jbichard29@state.gov,Female,07/07/1985,CN,Shenji
83,Melany,Wardroper,mwardroper2a@storify.com,Female,06/06/1954,MX,Morelos
84,Izaak,Derobert,iderobert2b@psu.edu,Male,19/12/1968,FR,Lorient
85,Liv,Piddlesden,lpiddlesden2c@discovery.com,Female,24/04/1957,TL,Dili
86,Ariel,McIlrath,amcilrath2d@twitter.com,Male,26/01/1973,PH,Bascaron
87,Pietro,Sprigin,psprigin2e@furl.net,Male,13/01/1955,PE,Quillo
88,Reggy,Zanetello,rzanetello2f@kickstarter.com,Male,07/05/1961,CN,Sanli
89,Meggie,Barniss,mbarniss2g@mashable.com,Female,07/08/2009,ID,Meliau
90,Phylis,Stukings,pstukings2h@telegraph.co.uk,Female,05/02/1989,CN,Dongda
91,Delilah,Seer,dseer2i@adobe.com,Female,20/11/1973,RU,Lokot’
92,Emmit,Harraway,eharraway2j@ebay.com,Male,09/01/1976,RU,Kantemirovka
93,Baldwin,Bellingham,bbellingham2k@marketwatch.com,Male,12/12/1987,RU,Bogorodsk
94,Julian,Wakeford,jwakeford2l@vkontakte.ru,,,ID,Nuamuzi
95,Kaycee,Blackstock,kblackstock2m@symantec.com,Female,27/05/1987,CN,Dong’an
96,Taddeo,Kuhnhardt,tkuhnhardt2n@privacy.gov.au,Male,30/11/1954,ID,Krajan Pocangan
97,Hope,Janauschek,hjanauschek2o@sogou.com,Female,27/11/2001,PS,Al Karmil
98,Lotte,Oxterby,,Female,12/02/1956,NL,Haarlem
99,Jazmin,Soloway,jsoloway2q@is.gd,Female,26/09/1995,JP,Kiryū
100,Bernadene,Gettings,bgettings2r@themeforest.net,Female,23/11/2005,ID,Matumadua
